date,id,ref
2025-05-27,2332,16.3
2025-05-27,2426,16.9
2025-05-27,3715,43.4
2025-05-27,5234,203
2025-05-27,6151,29.9
2025-05-27,6525,67.6
2025-05-27,6570,41.05
2025-05-27,8074,20.45
2025-05-27,8435,69.5
2025-05-28,1215,108.5
2025-05-28,1568,24.3
2025-05-28,1708,34.7
2025-05-28,2467,152.5
2025-05-28,2612,45.35
2025-05-28,4527,45.95
2025-05-28,4995,55.8
2025-05-28,5403,122.5
2025-05-29,6568,104.46
2025-06-02,1598,22.2
2025-06-02,3543,20
2025-06-02,3596,206.5
2025-06-02,6788,215
2025-06-03,1702,43.85
2025-06-03,2313,58.1
2025-06-03,3231,111.2
2025-06-03,3443,1079
2025-06-03,6712,158.64
2025-06-03,7713,57.73
2025-06-03,8487,76.7
2025-06-03,8924,63.1
2025-06-04,1605,20.36
2025-06-04,2642,26.05
2025-06-04,5309,33.25
2025-06-04,6716,54.62
2025-06-05,1323,20.3
2025-06-05,5878,42.45
2025-06-05,6146,177.9
2025-06-05,6861,51.2
2025-06-06,1587,31.25
2025-06-06,5609,78.1
2025-06-09,3441,32.2
2025-06-09,6023,80
2025-06-09,6951,69.2
2025-06-09,7704,55.64
2025-06-10,1416,12.19
2025-06-10,2636,73
2025-06-10,2762,78.61
2025-06-10,3211,181
2025-06-10,4722,67.8
2025-06-10,4735,36.85
2025-06-10,4939,19.1
2025-06-10,6263,146.1
2025-06-10,6412,116.5
2025-06-10,6597,70.77
2025-06-10,6741,78.46
2025-06-10,6785,147.75
2025-06-10,6881,225
2025-06-10,6894,165.7
2025-06-10,8422,181.05
2025-06-10,9940,26.2
2025-06-11,1219,14.7
2025-06-11,1232,156.5
2025-06-11,1473,27.85
2025-06-11,1733,29.75
2025-06-11,2020,25.85
2025-06-11,2597,175.8
2025-06-11,3015,59.1
2025-06-11,5523,29.95
2025-06-11,6516,79.99
2025-06-11,8463,24.4
2025-06-11,9924,46.35
2025-06-12,1515,28.85
2025-06-12,1584,25.1
2025-06-12,1760,76.4
2025-06-12,2105,44.7
2025-06-12,2330,1060.49
2025-06-12,3118,32.2
2025-06-12,3679,134.5
2025-06-12,4951,65.6
2025-06-12,4958,102.2
2025-06-12,6208,45
2025-06-12,6423,88.01
2025-06-12,6491,321.5
2025-06-12,6532,59.9
2025-06-12,6965,95.5
2025-06-12,6982,52.2
2025-06-12,8438,30.35
2025-06-12,8454,286.2
2025-06-13,1773,123.75
2025-06-13,1776,17.05
2025-06-13,2327,467
2025-06-13,2607,32
2025-06-13,2608,34.85
2025-06-13,2637,60.5
2025-06-13,3030,127
2025-06-13,3105,87
2025-06-13,3556,37.72
2025-06-13,4153,41.5
2025-06-13,4538,17.55
2025-06-13,4760,101.3
2025-06-13,4994,93.2
2025-06-13,5274,4493
2025-06-13,6026,11.6
2025-06-13,6271,105.5
2025-06-13,6418,17.85
2025-06-13,6739,269
2025-06-13,6804,23.8
2025-06-13,6834,31.75
2025-06-13,6952,47.7
2025-06-13,8424,71.8
2025-06-13,8467,178.44
2025-06-16,1582,71.5
2025-06-16,2107,24.8
2025-06-16,2421,100.28
2025-06-16,2832,31.85
2025-06-16,2908,20
2025-06-16,3042,92.8
2025-06-16,3324,695
2025-06-16,3563,571
2025-06-16,4133,28.35
2025-06-16,4550,26.1
2025-06-16,4557,104
2025-06-16,4935,39.7
2025-06-16,6123,50.95
2025-06-16,6242,41.1
2025-06-16,6538,101
2025-06-16,6680,77.95
2025-06-16,8016,199.5
2025-06-16,8432,48.58
2025-06-16,9910,116.4
2025-06-17,1423,37.5
2025-06-17,1593,27.95
2025-06-17,2106,22.85
2025-06-17,2115,27.7
2025-06-17,2302,15.87
2025-06-17,2308,393.5
2025-06-17,2385,143
2025-06-17,2545,46
2025-06-17,2816,24.9
2025-06-17,2926,45.8
2025-06-17,3035,176.5
2025-06-17,3680,354.4
2025-06-17,4938,78.49
2025-06-17,4945,77.2
2025-06-17,4974,86.35
2025-06-17,5519,31.25
2025-06-17,5902,45.1
2025-06-17,6005,20.6
2025-06-17,6147,57.25
2025-06-17,6154,14.55
2025-06-17,6561,422
2025-06-17,6640,579
2025-06-17,8011,20.6
2025-06-17,8416,162
2025-06-18,2459,60.9
2025-06-18,2480,149.07
2025-06-18,2606,55.1
2025-06-18,3168,47.06
2025-06-18,5340,42.8
2025-06-18,6024,47.47
2025-06-18,6530,51.05
2025-06-18,6531,303.5
2025-06-18,6762,234.52
2025-06-18,8028,145.8
2025-06-18,8162,37.8
2025-06-19,1504,50.4
2025-06-19,1711,16.4
2025-06-19,1735,16.2
2025-06-19,1904,17.05
2025-06-19,2031,39.25
2025-06-19,2353,33.5
2025-06-19,2423,42.2
2025-06-19,2450,29.55
2025-06-19,2506,10
2025-06-19,2603,214
2025-06-19,3094,25.73
2025-06-19,3150,22.15
2025-06-19,3311,35.28
2025-06-19,3597,24.75
2025-06-19,4766,319
2025-06-19,4915,74.79
2025-06-19,5443,83.7
2025-06-19,6204,63.4
2025-06-19,6266,30.74
2025-06-19,6438,166.16
2025-06-19,6494,37.24
2025-06-19,6498,124.36
2025-06-19,6548,31.79
2025-06-19,6625,87.7
2025-06-19,8070,40.35
2025-06-19,8996,263.47
2025-06-20,1319,103.7
2025-06-20,2069,14.85
2025-06-20,2360,353
2025-06-20,2388,62.6
2025-06-20,2455,117.78
2025-06-20,2643,70.9
2025-06-20,3413,288.07
2025-06-20,5601,37.7
2025-06-20,6167,13.7
2025-06-20,6176,139.39
2025-06-20,6472,782
2025-06-20,6792,53
2025-06-20,6903,109
2025-06-20,7703,134.5
2025-06-20,8111,51.5
2025-06-20,8163,35.2
2025-06-23,1259,54
2025-06-23,1707,123.8
2025-06-23,1788,136.5
2025-06-23,2347,67.1
2025-06-23,2371,41.73
2025-06-23,2723,82.1
2025-06-23,2753,171.49
2025-06-23,3010,93.3
2025-06-23,3026,78.2
2025-06-23,3388,60.9
2025-06-23,3450,214
2025-06-23,5213,29.53
2025-06-23,6449,102.51
2025-06-23,6679,196.33
2025-06-23,6768,99.82
2025-06-23,7715,40.06
2025-06-23,8049,27
2025-06-23,9931,34.2
2025-06-23,9934,9.6
2025-06-24,2114,87.3
2025-06-24,2303,44.14
2025-06-24,2362,43.47
2025-06-24,2368,263.5
2025-06-24,2387,46.4
2025-06-24,2504,41.05
2025-06-24,2615,93.8
2025-06-24,2903,20.9
2025-06-24,3019,131
2025-06-24,3138,81.04
2025-06-24,3163,175
2025-06-24,3169,79.6
2025-06-24,3264,72.1
2025-06-24,3374,136.5
2025-06-24,3447,44.5
2025-06-24,3705,59
2025-06-24,3709,34.95
2025-06-24,4535,29.05
2025-06-24,4545,30.85
2025-06-24,4571,163.32
2025-06-24,6184,50.6
2025-06-24,6214,103.8
2025-06-24,6558,44.7
2025-06-24,6577,82.6
2025-06-24,6669,2476
2025-06-24,6693,56.6
2025-06-24,9917,113.3
2025-06-25,1104,27.95
2025-06-25,2397,62.6
2025-06-25,3349,15.11
2025-06-25,3455,89
2025-06-25,3714,35.5
2025-06-25,4175,61.9
2025-06-25,4739,44.2
2025-06-25,4952,39.75
2025-06-25,6125,67.2
2025-06-25,6205,45.27
2025-06-25,6425,44.6
2025-06-25,6505,35.95
2025-06-25,6546,85.7
2025-06-25,8112,47.84
2025-06-25,8227,148.4
2025-06-25,8341,72.5
2025-06-25,9944,16.55
2025-06-26,1213,12.65
2025-06-26,1218,20.3
2025-06-26,1313,7.63
2025-06-26,1525,60.9
2025-06-26,2329,40.95
2025-06-26,2357,666
2025-06-26,2436,48.9
2025-06-26,2478,41.33
2025-06-26,2486,79.79
2025-06-26,2941,53.6
2025-06-26,2949,83.5
2025-06-26,3005,114.51
2025-06-26,3515,238.69
2025-06-26,3529,2408
2025-06-26,3557,46.09
2025-06-26,4164,45.94
2025-06-26,4747,61.65
2025-06-26,5016,25.5
2025-06-26,5209,114.17
2025-06-26,5312,143
2025-06-26,5522,62.7
2025-06-26,5533,16.75
2025-06-26,6134,19.6
2025-06-26,6195,28.1
2025-06-26,6288,19.65
2025-06-26,6579,121.85
2025-06-26,6592,68.5
2025-06-26,6771,56.4
2025-06-26,6890,291
2025-06-26,6924,68.3
2025-06-26,7709,40.4
2025-06-26,7728,271.47
2025-06-26,8155,120.2
2025-06-26,8210,497.5
2025-06-26,8279,128.5
2025-06-26,8415,32.6
2025-06-27,1521,25.15
2025-06-27,2032,13.77
2025-06-27,2328,40.2
2025-06-27,2641,19.46
2025-06-27,2850,95.85
2025-06-27,2851,23.4
2025-06-27,2916,45.9
2025-06-27,3040,62.5
2025-06-27,3213,98.5
2025-06-27,3580,68
2025-06-27,3669,32.2
2025-06-27,4555,35.5
2025-06-27,4755,112
2025-06-27,5009,36.2
2025-06-27,6414,292.3
2025-06-27,6477,29.25
2025-06-27,6613,160
2025-06-27,6615,33.85
2025-06-27,6667,212.95
2025-06-27,6672,71.35
2025-06-27,6789,227
2025-06-27,7631,118.3
2025-06-27,8088,34.3
2025-06-27,8114,288.23
2025-06-27,8150,26.67
2025-06-27,8240,29.95
2025-06-27,8349,51.1
2025-06-30,1234,40.2
2025-06-30,1731,22
2025-06-30,1817,40.3
2025-06-30,2382,272.5
2025-06-30,2820,14.82
2025-06-30,2882,64.4
2025-06-30,2883,15.24
2025-06-30,3036,127.5
2025-06-30,3265,95.9
2025-06-30,3416,133
2025-06-30,3583,349.5
2025-06-30,3684,40.65
2025-06-30,4116,40.1
2025-06-30,4763,88.5
2025-06-30,5306,93.53
2025-06-30,6585,112.07
2025-06-30,6655,124
2025-06-30,6761,91.37
2025-06-30,7718,46.6
2025-06-30,7736,99.98
2025-06-30,8034,18.2
2025-06-30,8081,221
2025-06-30,8342,76.5
2025-06-30,8462,125.29
2025-06-30,8476,21.42
2025-07-01,1326,22.4
2025-07-01,1725,29
2025-07-01,2030,14.28
2025-07-01,2103,17.32
2025-07-01,2230,102.5
2025-07-01,2312,19.65
2025-07-01,2881,83.05
2025-07-01,2885,32.6
2025-07-01,4119,63.2
2025-07-01,4961,205.63
2025-07-01,5230,20.29
2025-07-01,5285,46.05
2025-07-01,5315,21.15
2025-07-01,5434,262.51
2025-07-01,5474,161.5
2025-07-01,5876,44.6
2025-07-01,6292,48.8
2025-07-01,6469,147.2
2025-07-01,6643,523
2025-07-01,6754,59
2025-07-01,6856,52.7
2025-07-01,6913,126.62
2025-07-01,8048,38.4
2025-07-01,8299,491.04
2025-07-01,8926,42.55
2025-07-01,8941,56
2025-07-02,1101,25.15
2025-07-02,1530,28.91
2025-07-02,1810,14.76
2025-07-02,2207,564
2025-07-02,2317,159.7
2025-07-02,2354,63.6
2025-07-02,2611,18.46
2025-07-02,3093,26.57
2025-07-02,3338,50.68
2025-07-02,3711,140.2
2025-07-02,4706,27.45
2025-07-02,4977,88.54
2025-07-02,5356,27
2025-07-02,6121,363.1
2025-07-02,6174,19.25
2025-07-02,6285,114.19
2025-07-02,6542,53.97
2025-07-02,6807,68.4
2025-07-02,6862,135.5
2025-07-02,6870,228.7
2025-07-02,6988,17.55
2025-07-02,8440,31.22
2025-07-02,8482,58.64
2025-07-02,8917,59.7
2025-07-02,8921,17.73
2025-07-02,9935,21.95
2025-07-02,9939,151.3
2025-07-03,1452,11.2
2025-07-03,1475,40.85
2025-07-03,1730,53.8
2025-07-03,1752,35.05
2025-07-03,1789,16.95
2025-07-03,1806,10.9
2025-07-03,1906,12.15
2025-07-03,2405,15.63
2025-07-03,2412,129.5
2025-07-03,2415,22.85
2025-07-03,2432,27.6
2025-07-03,2433,48
2025-07-03,2454,1269.99
2025-07-03,2464,57.75
2025-07-03,2474,208.17
2025-07-03,2534,24.05
2025-07-03,2727,228.9
2025-07-03,3046,46.65
2025-07-03,3090,75.2
2025-07-03,3189,82.99
2025-07-03,3217,152.19
2025-07-03,3311,31.15
2025-07-03,3479,94.5
2025-07-03,3490,20.15
2025-07-03,3570,205
2025-07-03,3591,17.46
2025-07-03,3592,344.8
2025-07-03,3708,70.35
2025-07-03,4126,90.6
2025-07-03,4137,111.5
2025-07-03,4413,19.35
2025-07-03,4417,44.6
2025-07-03,4906,24.59
2025-07-03,5213,29.14
2025-07-03,5236,125.91
2025-07-03,5353,25.5
2025-07-03,5490,26.5
2025-07-03,5515,25.15
2025-07-03,6185,14.95
2025-07-03,6213,86
2025-07-03,6219,21.55
2025-07-03,6270,21.3
2025-07-03,6470,47.6
2025-07-03,6523,132
2025-07-03,6526,535.5
2025-07-03,6569,114.54
2025-07-03,6690,173
2025-07-03,6751,42.45
2025-07-03,6776,58.1
2025-07-03,6803,285.26
2025-07-03,6811,236.5
2025-07-03,6844,95.4
2025-07-03,6957,166.33
2025-07-03,7556,162.67
2025-07-03,8021,45.54
2025-07-03,8045,64.93
2025-07-03,8046,113
2025-07-03,8064,38.7
2025-07-03,8284,66
2025-07-03,9904,33.35
2025-07-04,2231,68.52
2025-07-04,2947,89.18
2025-07-04,3704,27.5
2025-07-04,4102,22.15
2025-07-04,4155,16.55
2025-07-04,4772,222.5
2025-07-04,5015,34.35
2025-07-04,5347,99
2025-07-04,5536,404.5
2025-07-04,5864,11.99
2025-07-04,6113,25.4
2025-07-04,6115,49.8
2025-07-04,6136,23.2
2025-07-04,8072,46.7
2025-07-07,2373,57.3
2025-07-07,2417,36.39
2025-07-07,2904,17.6
2025-07-07,3310,78.11
2025-07-07,3512,23.95
2025-07-07,3551,160.1
2025-07-07,4120,55.4
2025-07-07,5706,57.47
2025-07-07,6233,20.44
2025-07-07,6237,38.65
2025-07-07,6515,1280
2025-07-07,6641,21.9
2025-07-07,6670,289.85
2025-07-07,6683,328.5
2025-07-07,7402,81
2025-07-07,8443,11.85
2025-07-07,8481,42.5
2025-07-07,9943,74.2
2025-07-08,1325,29.55
2025-07-08,1583,52.17
2025-07-08,2228,86.3
2025-07-08,2365,33.95
2025-07-08,2371,36.74
2025-07-08,2425,34.15
2025-07-08,2451,104.91
2025-07-08,2461,15.93
2025-07-08,2482,18.44
2025-07-08,2855,19.54
2025-07-08,3014,128
2025-07-08,3354,16.35
2025-07-08,3532,75.5
2025-07-08,4541,42.9
2025-07-08,5511,57.9
2025-07-08,5538,28.8
2025-07-08,6196,179.59
2025-07-08,6215,92.7
2025-07-08,6257,75.75
2025-07-08,6578,19.3
2025-07-08,6629,82.8
2025-07-08,6840,45.3
2025-07-08,8261,75.6
2025-07-08,8923,21.15
2025-07-09,1338,22.97
2025-07-09,1472,93.5
2025-07-09,1612,34.15
2025-07-09,1616,32.79
2025-07-09,2073,28.15
2025-07-09,2492,77.89
2025-07-09,2609,64.6
2025-07-09,2614,15.73
2025-07-09,2618,37.75
2025-07-09,2634,41.62
2025-07-09,2645,100
2025-07-09,2739,39
2025-07-09,2945,38.45
2025-07-09,3006,49.3
2025-07-09,3016,31
2025-07-09,3034,506
2025-07-09,3045,108.5
2025-07-09,3227,207
2025-07-09,3303,45.78
2025-07-09,3430,48.1
2025-07-09,4510,44.31
2025-07-09,4533,23.9
2025-07-09,4720,15.05
2025-07-09,4744,21.6
2025-07-09,4904,84.14
2025-07-09,5220,18.85
2025-07-09,5452,24.1
2025-07-09,5469,57.07
2025-07-09,6190,36.4
2025-07-09,6508,26.2
2025-07-09,6510,828.2
2025-07-09,6667,215.79
2025-07-09,6829,109
2025-07-09,6830,116
2025-07-09,6937,205.89
2025-07-09,8103,42.73
2025-07-09,8271,49.58
2025-07-09,8367,44.75
2025-07-09,8426,28.75
2025-07-09,9902,17.6
2025-07-09,9945,30.25
2025-07-10,1110,18.4
2025-07-10,1236,21.3
2025-07-10,1307,33.75
2025-07-10,1336,18.76
2025-07-10,1476,400.5
2025-07-10,1595,30.2
2025-07-10,1723,86.7
2025-07-10,2316,54.5
2025-07-10,2356,42.3
2025-07-10,2359,131.5
2025-07-10,2449,102
2025-07-10,2453,55.9
2025-07-10,2481,45.6
2025-07-10,2501,18.35
2025-07-10,2616,14.6
2025-07-10,2897,8.85
2025-07-10,3028,31.8
2025-07-10,3037,120.99
2025-07-10,3044,242.2
2025-07-10,3130,219.85
2025-07-10,3171,39.8
2025-07-10,3567,26.05
2025-07-10,3577,91.3
2025-07-10,3588,42.74
2025-07-10,3628,41.55
2025-07-10,3652,27.05
2025-07-10,4558,25.25
2025-07-10,4588,68.3
2025-07-10,4771,173.47
2025-07-10,4953,97.51
2025-07-10,4999,23.5
2025-07-10,5292,137.72
2025-07-10,5432,108
2025-07-10,5465,36.7
2025-07-10,6164,10.4
2025-07-10,6166,61.26
2025-07-10,6170,48.29
2025-07-10,6173,35.74
2025-07-10,6175,31.8
2025-07-10,6197,152
2025-07-10,6223,1048.99
2025-07-10,6278,109.5
2025-07-10,6409,1246.99
2025-07-10,6605,184
2025-07-10,6692,36.85
2025-07-10,6781,1027.5
2025-07-10,6865,59.72
2025-07-10,6899,48.57
2025-07-10,8083,152
2025-07-10,8147,106.51
2025-07-10,8222,47.35
2025-07-10,8905,29.8
2025-07-10,8942,44.5
2025-07-10,9905,21.95
2025-07-11,1734,31.55
2025-07-11,1907,22.7
2025-07-11,2008,23.85
2025-07-11,2027,32.22
2025-07-11,2605,20.95
2025-07-11,2731,152.5
2025-07-11,3055,64.6
2025-07-11,3114,22.9
2025-07-11,3221,17.8
2025-07-11,3467,59.68
2025-07-11,3581,35.85
2025-07-11,4114,32.91
2025-07-11,5244,46.2
2025-07-11,5371,53.9
2025-07-11,6944,472
2025-07-11,7584,65.1
2025-07-11,8499,218.93
2025-07-14,1531,12.2
2025-07-14,1609,36.69
2025-07-14,2013,42
2025-07-14,2355,30.65
2025-07-14,2891,41.54
2025-07-14,3013,122.9
2025-07-14,3081,344.5
2025-07-14,3260,89.58
2025-07-14,3305,56.24
2025-07-14,3564,63.81
2025-07-14,3607,14.15
2025-07-14,3645,56.7
2025-07-14,3673,30.1
2025-07-14,4167,18.59
2025-07-14,4414,12.03
2025-07-14,4556,25.4
2025-07-14,5215,36.15
2025-07-14,6624,34.6
2025-07-14,6735,45.71
2025-07-14,6763,61.6
2025-07-14,6790,41.05
2025-07-14,6843,58.3
2025-07-14,8183,25.4
2025-07-14,8442,77.19
2025-07-15,1264,310
2025-07-15,1294,70.37
2025-07-15,1301,35.2
2025-07-15,1402,30.75
2025-07-15,1470,20.49
2025-07-15,1540,28.3
2025-07-15,1608,25.85
2025-07-15,1614,38.51
2025-07-15,2029,22.9
2025-07-15,2034,20.3
2025-07-15,2235,42.3
2025-07-15,2348,94.5
2025-07-15,2547,11.72
2025-07-15,2633,27.45
2025-07-15,2849,13.42
2025-07-15,2852,26.2
2025-07-15,2906,14.85
2025-07-15,4711,14.55
2025-07-15,4754,39.45
2025-07-15,4763,80.4
2025-07-15,5904,481.19
2025-07-15,6486,73.33
2025-07-15,6556,68.9
2025-07-15,6906,127.67
2025-07-15,6928,47.6
2025-07-15,8110,12.7
2025-07-15,8374,90.75
2025-07-15,8383,39.7
2025-07-16,1220,13.35
2025-07-16,1233,30.25
2025-07-16,1256,115.8
2025-07-16,1440,12.85
2025-07-16,1726,74.9
2025-07-16,2221,26.95
2025-07-16,2536,28.6
2025-07-16,2610,21.05
2025-07-16,3024,12.95
2025-07-16,3060,20.1
2025-07-16,3406,396
2025-07-16,3492,22.5
2025-07-16,3617,264
2025-07-16,3624,30.97
2025-07-16,4536,177
2025-07-16,4721,68.14
2025-07-16,5471,30.65
2025-07-16,5508,112
2025-07-16,6405,24.85
2025-07-16,6485,51.6
2025-07-16,6488,304
2025-07-16,6904,117
2025-07-16,6933,169.5
2025-07-16,6936,37.16
2025-07-16,8182,26.4
2025-07-16,8255,115.31
2025-07-16,9930,70.1
2025-07-17,1102,37.8
2025-07-17,1109,15.75
2025-07-17,1227,31.3
2025-07-17,1522,42.1
2025-07-17,2049,203.6
2025-07-17,2204,53.4
2025-07-17,2211,77
2025-07-17,2248,44.76
2025-07-17,2395,329.1
2025-07-17,2404,697
2025-07-17,2704,42.15
2025-07-17,2722,30.1
2025-07-17,2915,50.7
2025-07-17,3022,75.6
2025-07-17,3031,17.3
2025-07-17,3071,17.69
2025-07-17,3293,788
2025-07-17,3323,33
2025-07-17,3380,26.85
2025-07-17,3426,41
2025-07-17,3438,46.25
2025-07-17,3489,20.5
2025-07-17,3653,1470.5
2025-07-17,3665,862.96
2025-07-17,3687,77.24
2025-07-17,4190,35.3
2025-07-17,4543,26.7
2025-07-17,4576,111.3
2025-07-17,4749,608.01
2025-07-17,4931,96.4
2025-07-17,5514,17.79
2025-07-17,6112,55.4
2025-07-17,6120,10.3
2025-07-17,6155,21.95
2025-07-17,6180,67.2
2025-07-17,6194,34.25
2025-07-17,6212,44.15
2025-07-17,6229,23.6
2025-07-17,6284,67.5
2025-07-17,6442,443.37
2025-07-17,6719,204.8
2025-07-17,6727,69
2025-07-17,6914,138.5
2025-07-17,7705,50.6
2025-07-17,8039,46.75
2025-07-17,8215,22.28
2025-07-17,9919,17.15
2025-07-18,1809,15.75
2025-07-18,2392,55.5
2025-07-18,3465,50.2
2025-07-18,3703,22.55
2025-07-18,3713,20.44
2025-07-18,5014,10.95
2025-07-18,5284,207.51
2025-07-18,6191,88.19
2025-07-18,6541,52.95
2025-07-18,6671,40
2025-07-18,6887,75.03
2025-07-18,8050,55.22
2025-07-18,9907,18.03
2025-07-21,0050,51.09
2025-07-21,0056,34.73
2025-07-21,1436,81.6
2025-07-21,1446,21.05
2025-07-21,1535,54.5
2025-07-21,1560,359.01
2025-07-21,1777,80.1
2025-07-21,1785,52.4
2025-07-21,2617,26.85
2025-07-21,2640,129
2025-07-21,3284,26.17
2025-07-21,3491,353.51
2025-07-21,3552,59.8
2025-07-21,3675,147.85
2025-07-21,4909,66.4
2025-07-21,5276,14.4
2025-07-21,5386,67.33
2025-07-21,5546,28.45
2025-07-21,6419,58.1
2025-07-21,6782,169.4
2025-07-21,6919,121.5
2025-07-21,6923,86.48
2025-07-21,6968,66.37
2025-07-21,8358,82.1
2025-07-21,9926,50.2
2025-07-22,1303,29.1
2025-07-22,1454,14.75
2025-07-22,1532,24.86
2025-07-22,2009,33.75
2025-07-22,2206,60.97
2025-07-22,2471,53.44
2025-07-22,2884,32.67
2025-07-22,3611,187.02
2025-07-22,4506,108.5
2025-07-22,4933,71.61
2025-07-22,5548,24.1
2025-07-22,6187,402.81
2025-07-22,6206,129
2025-07-22,6231,237
2025-07-22,8131,26.9
2025-07-22,8411,13.15
2025-07-23,1201,15.5
2025-07-23,2530,29.6
2025-07-23,2838,16.58
2025-07-23,3266,14.7
2025-07-23,3587,196.06
2025-07-23,3694,58.52
2025-07-23,4129,100.5
2025-07-23,4433,27.65
2025-07-23,4442,45.37
2025-07-23,4551,120.8
2025-07-23,4584,52.8
2025-07-23,4912,78.55
2025-07-23,4987,79.7
2025-07-23,5269,1849.99
2025-07-23,5483,107
2025-07-23,6219,19.62
2025-07-23,6244,17.89
2025-07-23,6506,15.3
2025-07-23,6691,394.34
2025-07-23,6721,58
2025-07-23,8473,30.82
2025-07-23,9918,39.8
2025-07-24,1103,14.09
2025-07-24,1108,14.1
2025-07-24,1229,45.04
2025-07-24,1304,10.6
2025-07-24,1305,11.45
2025-07-24,1308,12.2
2025-07-24,1309,11.45
2025-07-24,1419,56.1
2025-07-24,1434,16.15
2025-07-24,1503,177.5
2025-07-24,1617,15.25
2025-07-24,1762,28.25
2025-07-24,2002,19.67
2025-07-24,2352,25.59
2025-07-24,2414,41.85
2025-07-24,2511,9.31
2025-07-24,2836,11.65
2025-07-24,2937,41.82
2025-07-24,3206,35.3
2025-07-24,3219,45.18
2025-07-24,3276,12.83
2025-07-24,3285,24.15
2025-07-24,3362,120.5
2025-07-24,3402,94.1
2025-07-24,3444,51.3
2025-07-24,3546,92.18
2025-07-24,3615,21.7
2025-07-24,3702,69.2
2025-07-24,3712,49.9
2025-07-24,3716,34.13
2025-07-24,4438,75.77
2025-07-24,4561,43.35
2025-07-24,4979,183.46
2025-07-24,5299,74.85
2025-07-24,6158,22.69
2025-07-24,6179,27.3
2025-07-24,6290,100
2025-07-24,6527,86.35
2025-07-24,6609,41.48
2025-07-24,6742,54.19
2025-07-24,6863,154.5
2025-07-24,7747,134.05
2025-07-24,8069,211.01
2025-07-24,8404,20.14
2025-07-24,8927,42.39
2025-07-24,9925,39.85
2025-07-25,1519,590.9
2025-07-25,1558,98
2025-07-25,2495,22.15
2025-07-25,2548,98.09
2025-07-25,5439,246.3
2025-07-25,6165,52
2025-07-25,6189,62.5
2025-07-25,6277,58.3
2025-07-25,6451,144.64
2025-07-25,6517,69.2
2025-07-25,6664,223.07
2025-07-25,6958,20.97
2025-07-25,8249,51.48
2025-07-25,8390,62.1
2025-07-25,9937,64.8
2025-07-28,2247,320
2025-07-28,2462,23.59
2025-07-28,3306,38.85
2025-07-28,4107,113
2025-07-28,4572,159.17
2025-07-28,4916,46.77
2025-07-28,4919,69.8
2025-07-28,5425,47.58
2025-07-28,6873,192.19
2025-07-28,6909,44.9
2025-07-29,1410,34.64
2025-07-29,1449,12.93
2025-07-29,2729,201.92
2025-07-29,2889,15.11
2025-07-29,3131,1488
2025-07-29,3527,64.9
2025-07-29,3537,43.3
2025-07-29,4549,130.9
2025-07-29,4580,77
2025-07-29,4911,48
2025-07-29,5426,24.55
2025-07-29,6411,66.42
2025-07-29,6931,49.92
2025-07-29,6962,49.6
2025-07-29,7734,1065.08
2025-07-29,8916,48.21
2025-07-30,1570,22.6
2025-07-30,2233,172
2025-07-30,2345,841
2025-07-30,2363,55.1
2025-07-30,2376,272.5
2025-07-30,2497,39
2025-07-30,2528,27.42
2025-07-30,2596,30.05
2025-07-30,3312,45.7
2025-07-30,3454,104.2
2025-07-30,3531,22.75
2025-07-30,4205,86.91
2025-07-30,4305,45.55
2025-07-30,4401,15.45
2025-07-30,4439,90
2025-07-30,4560,34
2025-07-30,5410,27.25
2025-07-30,5457,42
2025-07-30,5607,43.23
2025-07-30,5871,118.03
2025-07-30,6114,35.75
2025-07-30,6171,33.1
2025-07-30,6416,84.4
2025-07-30,6591,64.75
2025-07-30,6689,79.1
2025-07-30,6728,153
2025-07-30,8931,50.8
2025-07-30,9908,30.05
2025-07-31,1216,79.7
2025-07-31,1294,74.4
2025-07-31,1437,31.25
2025-07-31,1736,151.5
2025-07-31,2342,21.25
2025-07-31,2351,76.3
2025-07-31,2393,71.69
2025-07-31,2538,12.85
2025-07-31,2755,138.53
2025-07-31,2801,18.52
2025-07-31,2912,253.5
2025-07-31,3088,85.77
2025-07-31,3390,20.3
2025-07-31,3501,54.8
2025-07-31,3533,1428.27
2025-07-31,3672,16.15
2025-07-31,4106,21.8
2025-07-31,4581,52.3
2025-07-31,4767,30.8
2025-07-31,4942,36.85
2025-07-31,5450,13.85
2025-07-31,6138,170.4
2025-07-31,6161,41.05
2025-07-31,6239,132
2025-07-31,6294,47.45
2025-07-31,6715,110.58
2025-07-31,7708,93.6
2025-07-31,8213,32.27
2025-07-31,8272,78.6
2025-07-31,9942,110
2025-08-01,2402,39.12
2025-08-01,2597,155
2025-08-01,3520,13.95
2025-08-01,3689,95.48
2025-08-01,5438,22.3
2025-08-04,1439,29.55
2025-08-04,1527,37.05
2025-08-04,2369,14.55
2025-08-04,4728,408.4
2025-08-04,4768,115.71
2025-08-04,4912,77.23
2025-08-04,6016,10.48
2025-08-04,6201,59.5
2025-08-04,6472,689.28
2025-08-04,6743,29.75
2025-08-04,9938,49.9
2025-08-05,1464,12.5
2025-08-05,1727,32.2
2025-08-05,2331,18.03
2025-08-05,2409,11.69
2025-08-05,2427,29.8
2025-08-05,2520,43.27
2025-08-05,2546,76.69
2025-08-05,2834,15.14
2025-08-05,3051,24.63
2025-08-05,3289,126
2025-08-05,6177,41.23
2025-08-05,6275,42.14
2025-08-06,1720,55.4
2025-08-06,2375,58.5
2025-08-06,3376,224
2025-08-06,5263,91.96
2025-08-06,5903,199.5
2025-08-06,6220,21
2025-08-06,6997,101.5
2025-08-06,8478,203.5
2025-08-07,1713,47.6
2025-08-07,2033,15.8
2025-08-07,2886,41.4
2025-08-07,2892,29.07
2025-08-07,3056,23.14
2025-08-07,3152,116.91
2025-08-07,3287,34.95
2025-08-07,3516,20.3
2025-08-07,3663,60.1
2025-08-07,4569,152.28
2025-08-07,5206,33.27
2025-08-07,5258,70.68
2025-08-07,5288,131.48
2025-08-07,5525,30.7
2025-08-07,6417,96.1
2025-08-07,6435,96.2
2025-08-07,6662,32.3
2025-08-07,6855,134
2025-08-07,6869,134.99
2025-08-07,6874,83.66
2025-08-07,8466,27.25
2025-08-07,8928,27.95
2025-08-07,9914,113
2025-08-07,9951,57.28
2025-08-08,1210,58.27
2025-08-08,2948,39.95
2025-08-08,3230,50.75
2025-08-08,5603,20.75
2025-08-08,9958,188.83
2025-08-11,1795,215.72
2025-08-11,2729,188.91
2025-08-11,3033,33.31
2025-08-11,4905,64
2025-08-11,6446,508.9
2025-08-12,1563,49.13
2025-08-12,2885,32.23
2025-08-12,2887,15.65
2025-08-12,3032,111.77
2025-08-12,3209,33.21
2025-08-12,3379,74.1
2025-08-12,6122,46.93
2025-08-13,2748,47.75
2025-08-13,2812,21.44
2025-08-13,2880,27.82
2025-08-13,4162,72
2025-08-13,4432,18.1
2025-08-13,5880,24.51
2025-08-13,6464,77.78
2025-08-13,6574,71.5
2025-08-13,6805,1042
2025-08-13,8437,18.08
2025-08-14,1580,138.84
2025-08-14,2476,85.2
2025-08-14,2754,88.3
2025-08-14,3008,2392
2025-08-14,3050,13.8
2025-08-14,3162,49.8
2025-08-14,3232,25.15
2025-08-14,4148,43.23
2025-08-14,5203,93.8
2025-08-14,5489,41.83
2025-08-14,6156,24.15
2025-08-14,6432,26.75
2025-08-14,8032,47.9
2025-08-14,9960,23.35
2025-08-15,1477,263
2025-08-15,1615,49.8
2025-08-15,3535,54.6
2025-08-15,5222,125.9
2025-08-15,6117,93.62
2025-08-15,8043,26.8
2025-08-15,9933,28.4
2025-08-18,1618,46.4
2025-08-18,6188,100
2025-08-18,6282,28.99
2025-08-18,6509,33.08
2025-08-18,6799,90.31
2025-08-18,7556,179.86
2025-08-19,1474,12.55
2025-08-19,1537,134.5
2025-08-19,2301,132
2025-08-19,3017,1135.06
2025-08-19,3147,193.75
2025-08-19,4907,38.9
2025-08-19,6796,72.81
2025-08-20,1737,32.15
2025-08-20,2070,43.3
2025-08-20,3226,46.5
2025-08-20,4130,18.43
2025-08-20,4161,27.48
2025-08-20,4760,140.48
2025-08-20,6666,50
2025-08-21,1231,134.45
2025-08-21,1442,60.2
2025-08-21,1465,12.9
2025-08-21,1597,84.3
2025-08-21,1714,7.85
2025-08-21,2201,32.75
2025-08-21,2472,78.2
2025-08-21,2890,24.11
2025-08-21,3023,227.75
2025-08-21,3141,49.39
2025-08-21,3284,21.47
2025-08-21,3373,18.45
2025-08-21,4430,19.35
2025-08-21,4746,63
2025-08-21,4908,86.75
2025-08-21,4966,765.72
2025-08-21,6259,16.32
2025-08-21,6534,106
2025-08-21,6806,59.57
2025-08-21,6922,179.27
2025-08-21,6994,89.94
2025-08-21,8077,44
2025-08-21,8454,259.04
2025-08-22,1321,37.52
2025-08-22,2428,147.9
2025-08-22,3128,37.55
2025-08-22,3552,64.71
2025-08-22,6230,145.27
2025-08-22,6469,145.15
2025-08-22,6612,97.91
2025-08-25,1539,18
2025-08-25,1565,149
2025-08-25,2250,97.49
2025-08-25,2327,136.5
2025-08-25,2377,134
2025-08-25,2484,21.5
2025-08-25,2527,25.6
2025-08-25,4563,54.1
2025-08-25,4927,27.38
2025-08-25,6877,86.64
2025-08-25,6955,168.26
2025-08-25,7714,114
2025-08-25,8089,38.67
2025-08-26,1409,15.2
2025-08-26,1529,26.2
2025-08-26,2012,17.85
2025-08-26,2420,55.3
2025-08-26,2901,25.67
2025-08-26,3236,17.15
2025-08-26,3317,42.84
2025-08-26,3622,55.6
2025-08-26,3646,27.75
2025-08-26,4111,31.14
2025-08-26,4554,32.39
2025-08-26,4741,24.01
2025-08-26,6103,41.81
2025-08-26,6183,97.3
2025-08-26,6248,22.95
2025-08-26,6752,150.95
2025-08-26,8096,41.25
2025-08-26,8289,19.7
2025-08-26,8403,25.62
2025-08-26,9921,103.3
2025-08-26,9927,59.7
2025-08-27,1541,25.4
2025-08-27,1709,17.55
2025-08-27,2227,56.3
2025-08-27,2496,66.5
2025-08-27,6216,29.66
2025-08-27,8086,113.81
2025-08-27,8401,26.82
2025-08-28,1240,58.97
2025-08-28,1324,10.7
2025-08-28,1453,12.62
2025-08-28,1513,163.4
2025-08-28,1603,39
2025-08-28,2038,15.24
2025-08-28,2059,2907.8
2025-08-28,2062,23.85
2025-08-28,2364,76.38
2025-08-28,2383,1263.42
2025-08-28,2439,109.7
2025-08-28,2441,57.5
2025-08-28,2468,59.8
2025-08-28,2539,50
2025-08-28,2718,56.09
2025-08-28,2751,70.01
2025-08-28,3025,48.4
2025-08-28,3086,153.19
2025-08-28,3167,209.5
2025-08-28,3693,269.5
2025-08-28,3706,90.45
2025-08-28,4113,20.7
2025-08-28,4183,18.93
2025-08-28,4735,34.55
2025-08-28,4968,143.9
2025-08-28,5013,27.95
2025-08-28,5202,21.25
2025-08-28,5287,177
2025-08-28,5289,282.49
2025-08-28,5464,24.8
2025-08-28,5468,15.83
2025-08-28,5525,29.25
2025-08-28,5534,74.5
2025-08-28,6108,14.7
2025-08-28,6227,90.1
2025-08-28,6261,58.5
2025-08-28,6582,32.5
2025-08-28,6637,85.57
2025-08-28,6916,19.52
2025-08-28,8410,43.2
2025-08-28,9105,6.02
2025-08-28,9946,18.6
2025-08-29,1732,28.75
2025-08-29,2367,30.74
2025-08-29,2883,15.39
2025-08-29,3052,11.75
2025-08-29,4303,68.42
2025-08-29,5392,41.72
2025-08-29,8076,26.5
2025-09-01,1315,64.5
2025-09-01,3528,70.9
2025-09-01,4138,69.82
2025-09-01,4306,14.5
2025-09-01,6140,37.95
2025-09-01,6234,26.95
2025-09-01,6591,98.34
2025-09-01,7753,53.47
2025-09-02,1722,51.2
2025-09-02,1734,31
2025-09-02,2543,72.56
2025-09-02,2845,12.6
2025-09-02,2867,6.08
2025-09-02,2949,68.02
2025-09-02,3047,21.5
2025-09-02,3661,3878.52
2025-09-02,4549,137.75
2025-09-02,4707,9.8
2025-09-02,5243,75.6
2025-09-02,6163,21.5
2025-09-02,6245,82
2025-09-02,6482,50.58
2025-09-02,6703,121.82
2025-09-02,8087,33.3
2025-09-02,8354,14.3
2025-09-02,9941,94.87
2025-09-03,2701,11.12
2025-09-03,3078,84.2
2025-09-03,3346,23.09
2025-09-03,3434,39.44
2025-09-03,3558,164.5
2025-09-03,4416,58.2
2025-09-03,4438,71.47
2025-09-03,6186,61.31
2025-09-03,6279,135.71
2025-09-03,6426,75.9
2025-09-03,6753,144.25
2025-09-04,1203,39.3
2025-09-04,1339,44.15
2025-09-04,2323,8.46
2025-09-04,2493,140.34
2025-09-04,2755,130.28
2025-09-04,3059,53.2
2025-09-04,3594,41.75
2025-09-04,3605,72.47
2025-09-04,4736,131.5
2025-09-04,6139,356.61
2025-09-04,6720,118.72
2025-09-04,6870,203.92
2025-09-04,7722,598.5
2025-09-04,9906,64
2025-09-05,1783,43.27
2025-09-05,2732,74.2
2025-09-05,3548,110.73
2025-09-05,6552,28.25
2025-09-05,8436,125
2025-09-08,2530,31.55
2025-09-08,2923,22.36
2025-09-08,3484,51.76
2025-09-08,3545,65.96
2025-09-08,4737,71.19
2025-09-08,8234,93.8
2025-09-08,8932,222.5
2025-09-09,1514,103.23
2025-09-09,2442,26.3
2025-09-09,3073,39.53
2025-09-09,3483,113.04
2025-09-09,3551,169.27
2025-09-09,4104,84.19
2025-09-09,5328,13.5
2025-09-09,6133,17.55
2025-09-09,6203,66
2025-09-09,6207,60.7
2025-09-09,8908,41.16
2025-09-09,8937,168.9
2025-09-10,2379,514.5
2025-09-10,2762,77.89
2025-09-10,2905,12.79
2025-09-10,6584,248.5
2025-09-10,7712,155.5
2025-09-10,8423,18.5
2025-09-11,1268,156.5
2025-09-11,2745,114.5
2025-09-11,5906,48.72
2025-09-11,6126,26.79
2025-09-11,6446,484.8
2025-09-11,6504,49.2
2025-09-12,1517,10.45
2025-09-12,5278,35.93
2025-09-15,2101,44.08
2025-09-15,3321,13.93
2025-09-15,5493,90.7
2025-09-15,6603,17.4
2025-09-15,9802,101.9
2025-09-16,2330,1249.99
2025-09-16,5306,87.78
2025-09-16,6931,50.88
2025-09-16,8104,38.69
2025-09-17,2374,95.01
2025-09-17,2488,46.4
2025-09-17,3002,16.4
2025-09-17,8349,45.82
2025-09-18,2706,13.4
2025-09-18,2743,86.15
2025-09-18,4716,14.17
2025-09-18,5498,18.65
2025-09-18,6757,81.65
2025-09-18,8107,16
2025-09-19,1528,16.1
2025-09-19,5512,8.69
2025-09-22,8099,73.19
2025-09-23,1590,762.45
2025-09-23,1599,29.64
2025-09-23,3178,60.5
2025-09-23,4912,78.52
2025-09-24,1225,29.86
2025-09-24,4109,16.4
2025-09-24,4168,24.87
2025-09-24,5213,25.45
2025-09-25,1808,28.85
2025-09-25,2109,15.85
2025-09-25,2458,128.35
2025-09-25,2542,40.71
2025-09-25,2881,86.82
2025-09-25,6593,47.2
2025-09-25,8906,34.95
2025-09-26,3021,18.14
2025-09-26,4441,266.85
2025-09-26,7631,143.35
2025-09-30,2540,56.07
2025-09-30,3312,41.84
2025-09-30,6120,11
2025-10-01,3289,117.22
2025-10-02,3332,53.6
2025-10-02,4967,86
2025-10-02,6523,122.5
2025-10-03,1784,81.28
2025-10-03,3356,48.8
2025-10-03,4123,35.92
2025-10-03,4160,54.65
2025-10-03,5201,49.05
2025-10-07,1256,172.43
2025-10-07,2352,34.57
2025-10-07,2489,13.73
2025-10-07,2607,60
2025-10-07,3004,134.37
2025-10-07,3057,14.31
2025-10-07,3701,39.4
2025-10-07,6533,295.76
2025-10-07,6776,51.89
2025-10-07,9924,53.5
2025-10-08,1235,55.91
2025-10-09,1586,26.75
2025-10-13,1449,12.1
2025-10-14,6590,72.87
2025-10-16,1463,19.65
2025-10-17,2236,91.59
2025-10-20,2314,24.46
2025-10-20,2465,72.07
2025-10-21,6655,115.3
2025-10-22,1589,21.78
2025-10-22,6499,120.92
2025-10-22,8936,54.6
2025-10-23,0056,36.88
2025-10-23,2543,71.2
2025-10-27,2489,15.1
2025-10-27,3550,14.36
2025-10-28,2812,21.85
2025-10-28,4552,22.2
2025-10-28,5314,124.23
2025-10-30,2756,90.6
2025-10-31,2947,85.5
2025-10-31,5283,61.16
2025-10-31,6221,37.41
2025-11-03,2066,63.28
2025-11-03,2832,47.14
2025-11-04,3563,492.72
2025-11-06,3289,109.97
2025-11-10,2515,16.18
2025-11-10,5011,10.85
2025-11-14,3037,176.67
2025-11-17,6464,72.9
2025-11-17,8422,25
2025-11-21,0051,88.1
2025-11-21,0053,133.55
2025-11-21,0055,29.38
2025-11-24,1808,37.16
2025-11-24,7780,180.15
2025-11-24,9927,69.11
2025-11-25,5263,91.67
2025-11-26,2726,15.96
2025-11-27,1815,75.96
2025-11-27,2762,79.66
2025-12-02,4735,33.6
2025-12-03,2718,55.7
2025-12-03,3135,57.67
2025-12-03,4714,16.3
2025-12-04,3004,97.94
2025-12-04,6523,122
2025-12-04,8431,43.95
2025-12-05,3321,18.97
2025-12-08,8103,86.11
2025-12-09,2530,27.8
2025-12-09,3715,116.75
2025-12-09,6277,63.9
2025-12-10,2236,112.21
2025-12-10,6949,348.11
2025-12-11,2330,1499.99
2025-12-11,3680,340.1
2025-12-11,6438,139
2025-12-16,8299,1118.77
2025-12-17,3543,42.18
2025-12-17,6121,352
2025-12-18,4739,66.75
2025-12-18,6548,40.55
2025-12-18,6804,18.27
2025-12-18,8070,43.89
2025-12-19,8467,153.5
2025-12-22,3593,13.5
2025-12-22,4991,189.42
2025-12-22,5306,87.63
2025-12-22,6931,64.58
2025-12-23,2474,193.84
2025-12-23,3325,17.58
2025-12-23,4912,83.49
2025-12-24,2753,193
2025-12-24,6123,48.85
2025-12-29,6796,102.64
2025-12-30,5278,30.03
2025-12-30,7631,127.26
2025-12-31,6488,411
2025-12-31,6561,385.9
2026-01-05,5704,26.89
2026-01-06,2442,24.12
2026-01-06,2454,1496
2026-01-08,1707,124.8
2026-01-08,2247,275
2026-01-08,4104,77.39
2026-01-08,4737,54.35
2026-01-08,5483,123
2026-01-08,6629,122
2026-01-12,1414,18.27
2026-01-12,3522,17.44
2026-01-12,6613,195.5
2026-01-12,6763,56.95
2026-01-13,8021,216.11
2026-01-14,4130,35.32
2026-01-15,5457,39.26
2026-01-15,5536,798.5
2026-01-19,7780,18.5
2026-01-20,3363,394.89
2026-01-22,0050,70.85
2026-01-22,0056,37.34
2026-01-22,1437,32.31
2026-01-26,2070,45.11
2026-01-26,3189,204.83
2026-01-27,3289,123.47
2026-01-28,6733,37.8
2026-02-04,2374,79.11
2026-02-04,3162,59.73
2026-02-04,6969,30.73
2026-02-04,8066,20.36
2026-02-05,5534,78.13
2026-02-09,2338,34.96
2026-02-23,5604,37.15
2026-02-23,6179,25.66
2026-02-24,2421,145.96
2026-02-25,6109,12
2026-03-04,3605,63.06
2026-03-05,4807,17.29
2026-03-11,3322,14.55
2026-03-12,1342,89.9
2026-03-12,2762,75.28
2026-03-16,9802,83.8
2026-03-17,2330,1838.99
2026-03-18,1712,44.5
2026-03-18,3587,186.27
2026-03-19,2301,167
2026-03-19,2430,21.95
2026-03-19,2613,25.1
2026-03-19,3008,2388
2026-03-19,3029,112.5
2026-03-19,3038,22.3
2026-03-19,4440,17.35
2026-03-19,5306,88.16
2026-03-19,6720,169.5
2026-03-19,6955,165.5
2026-03-19,9105,5.84
2026-03-20,2006,70.7
2026-03-20,2630,50.2
2026-03-20,3260,508
2026-03-20,5234,385.5
2026-03-20,6235,47.9
2026-03-20,6548,46.35
2026-03-20,6910,30.55
2026-03-23,4163,104.5
2026-03-24,1623,192
2026-03-24,5478,102.5
2026-03-25,3005,120.21
2026-03-25,4949,59.6
2026-03-25,6281,57.2
2026-03-25,6894,366
2026-03-25,8464,367
2026-03-26,1477,259
2026-03-26,1611,12.5
2026-03-26,2015,64.8
2026-03-26,2101,34.5
2026-03-26,2108,24.35
2026-03-26,2109,14.65
2026-03-26,2458,130.57
2026-03-26,2528,25.45
2026-03-26,2947,78.9
2026-03-26,3188,29.1
2026-03-26,3218,130.75
2026-03-26,3596,168.5
2026-03-26,4105,75.5
2026-03-26,4420,45.4
2026-03-26,4930,19.4
2026-03-26,5403,100.5
2026-03-26,5520,81.1
2026-03-26,6020,19.03
2026-03-26,6151,29.65
2026-03-26,6188,93.2
2026-03-26,6415,290.94
2026-03-26,6423,88.8
2026-03-26,6523,116.5
2026-03-26,6534,89.1
2026-03-26,6596,125.3
2026-03-26,6642,53.4
2026-03-26,6703,115.7
2026-03-26,6761,183
2026-03-26,6865,33.15
2026-03-26,6953,221.5
2026-03-26,7732,35.2
2026-03-26,7736,79.1
2026-03-26,8109,96.5
2026-03-26,8367,43.15
2026-03-26,8908,40.9
2026-03-26,9949,25
2026-03-27,1295,66
2026-03-27,1457,15.3
2026-03-27,2324,30.4
2026-03-27,2344,95.5
2026-03-27,2387,40.6
2026-03-27,2483,20.85
2026-03-27,2496,66.6
2026-03-27,2941,39.47
2026-03-27,4583,669
2026-03-27,5225,82.79
2026-03-27,5283,55.8
2026-03-27,6581,106.2
2026-03-27,6651,86.9
2026-03-27,6697,42.45
2026-03-27,6752,114
2026-03-27,6918,80
2026-03-27,6967,65.1
2026-03-27,7631,115.75
2026-03-27,7713,69.4
2026-03-27,8401,25.4
2026-03-27,8926,44.92
2026-03-27,8930,29.9
2026-03-27,8938,61.3
2026-03-27,8996,840.44
2026-03-30,2910,22.01
2026-03-30,2937,46.55
2026-03-30,3158,93
2026-03-30,5222,132.5
2026-03-31,1414,17.25
2026-03-31,4728,381.9
2026-03-31,7751,1482
2026-04-01,1445,12.9
2026-04-01,2065,30.25
2026-04-01,2611,13.83
2026-04-01,4760,192
2026-04-01,4770,210.5
2026-04-01,5007,55.2
2026-04-01,5278,24.73
2026-04-01,6148,33.22
2026-04-01,6291,338
2026-04-01,6590,69.2
2026-04-01,7750,1249
2026-04-01,9911,83
2026-04-02,4966,473.09
2026-04-02,6831,404
2026-04-07,8102,55.8
2026-04-08,3164,17.9
2026-04-08,4207,18.5
2026-04-08,5212,53.5
2026-04-09,2070,37.6
2026-04-09,2535,67.4
2026-04-09,2732,65.4
2026-04-09,2751,58.7
2026-04-09,2752,198.5
2026-04-09,2756,68.4
2026-04-09,3004,109.45
2026-04-09,4542,171.07
2026-04-09,4566,57.41
2026-04-09,5388,79.1
2026-04-09,6028,84.2
2026-04-09,6104,87.7
2026-04-09,6649,42.3
2026-04-09,6830,661
2026-04-10,2072,182.91
2026-04-10,3289,149.3
2026-04-10,4532,24.45
2026-04-10,4735,31
2026-04-10,6143,93.9
2026-04-10,6895,175.6
2026-04-15,1475,28.95
2026-04-16,1451,17.65
2026-04-16,1524,29.2
2026-04-16,1604,23.85
2026-04-16,2020,23.35
2026-04-16,2032,16.5
2026-04-16,2481,98.2
2026-04-16,2707,180.75
2026-04-16,3021,16.3
2026-04-16,3526,274.66
2026-04-16,4173,19.46
2026-04-16,4528,17
2026-04-16,4973,77.1
2026-04-16,5287,161.25
2026-04-16,6015,13.05
2026-04-16,6021,29
2026-04-16,6128,20.4
2026-04-16,6182,36.35
2026-04-16,6224,56.45
2026-04-16,6274,938.49
2026-04-16,6294,38.9
2026-04-16,6625,76.6
2026-04-16,6672,152.15
2026-04-16,6712,140
2026-04-16,6756,73.7
2026-04-16,6791,120
2026-04-16,6807,38.2
2026-04-16,8433,57.1
2026-04-16,8446,91.1
2026-04-20,0052,48.85
2026-04-23,0056,41.61
2026-04-23,3605,72.89
2026-04-23,4104,74.3
2026-04-23,4138,61.3
2026-04-23,4764,221
2026-04-23,6192,121.2
2026-04-23,6931,50.06
2026-04-23,6996,181.5
2026-04-23,7795,418.85
2026-04-24,1217,10.05
2026-04-24,1315,63.2
2026-04-24,1717,77.8
2026-04-24,2477,23.1
2026-04-24,6821,63.31
2026-04-24,7782,28.79
2026-04-29,1786,58.69
2026-04-29,3362,107.46
2026-05-06,8074,88.73
2026-05-14,6712,132.38
2026-05-14,8033,137.66
2026-05-19,6841,59.4
2026-05-19,7714,123
2026-05-20,6597,71.9
2026-05-22,3257,53.7
2026-05-25,2426,83.1
2026-05-25,2486,270.5
2026-05-25,7715,29.6
2026-05-27,1215,135.5
2026-05-27,1568,34.1
2026-05-27,3413,335.01
2026-05-27,3680,584
2026-05-27,4995,45.66
2026-05-27,6679,336.5
2026-05-28,1459,11.4
2026-05-28,1702,31.3
2026-05-28,1708,36.85
2026-05-28,2916,43.85
2026-05-28,3717,21.7
2026-05-28,4538,17.7
2026-05-28,4585,348.5
2026-05-28,5529,21.95
2026-05-28,6570,58.1
2026-05-28,6732,177.5
2026-05-29,6568,228
2026-06-01,2612,55.5
2026-06-01,3709,86.35
2026-06-01,4527,42.95
2026-06-01,6176,103
2026-06-01,6909,52.49
2026-06-01,8924,60.2
2026-06-02,1323,20.05
2026-06-02,2313,279.2
2026-06-02,2548,114.5
2026-06-02,4555,56.6
2026-06-02,4912,112.5
2026-06-02,6716,102.9
2026-06-02,6788,410.5
2026-06-02,7744,497
2026-06-02,8487,77.19
2026-06-03,2642,20.45
2026-06-03,5236,172
2026-06-03,5309,78.1
2026-06-04,3356,58.2
2026-06-04,4939,53.15
2026-06-04,5878,39.3
2026-06-04,7828,1620.47
2026-06-05,4951,115
2026-06-05,6263,173.7
2026-06-05,6525,114.5
2026-06-08,1219,12.5
2026-06-08,3036,273.2
2026-06-08,3310,68.7
2026-06-08,3406,665
2026-06-08,3443,4390
2026-06-08,4958,500.57
2026-06-08,5213,24
2026-06-08,6658,186.8
2026-06-09,1416,11.08
2026-06-09,1733,28.6
2026-06-09,2114,88.4
2026-06-09,2731,159.2
2026-06-09,3441,53.75
2026-06-09,3531,23.05
2026-06-09,4994,87
2026-06-09,6412,90.3
2026-06-09,6516,57.96
2026-06-09,6936,32.79
2026-06-09,7704,58.4
2026-06-09,7757,102.75
2026-06-09,7791,63.69
2026-06-09,8042,130.8
2026-06-09,9924,40.3
2026-06-09,9940,18.7
2026-06-10,1473,20.4
2026-06-10,1515,23.25
2026-06-10,2421,154.75
2026-06-10,2637,77.4
2026-06-10,3118,31.5
2026-06-10,3540,26.32
2026-06-10,5340,91.4
2026-06-10,6271,237
2026-06-10,6913,133.5
2026-06-10,7718,46.35
2026-06-11,1312,13.4
2026-06-11,1605,34.3
2026-06-11,1760,59.5
2026-06-11,2030,18.15
2026-06-11,2329,51.69
2026-06-11,2330,2248.99
2026-06-11,3030,316
2026-06-11,3105,476
2026-06-11,3481,43.3
2026-06-11,4749,915.12
2026-06-11,6146,202
2026-06-11,6266,25.62
2026-06-11,6834,69.6
2026-06-11,6925,68
2026-06-11,6951,79
2026-06-11,6961,56.4
2026-06-11,8111,55.8
2026-06-11,8424,68.1
2026-06-11,8454,439.5
2026-06-12,1218,17.88
2026-06-12,1776,17.25
2026-06-12,1810,20.5
2026-06-12,2207,469.5
2026-06-12,2327,836
2026-06-12,3679,114.5
2026-06-12,4153,30.35
2026-06-12,6418,31.47
2026-06-12,6739,1087
2026-06-12,8028,301.29
2026-06-12,8432,50.49
2026-06-15,1232,143.3
2026-06-15,2031,39.25
2026-06-15,2107,25.05
2026-06-15,2385,133.8
2026-06-15,2608,28.55
2026-06-15,2832,51.4
2026-06-15,3556,67.65
2026-06-15,4735,31.6
2026-06-15,4938,89.09
2026-06-15,6272,33.23
2026-06-15,6532,85.9
2026-06-15,6741,60.55
2026-06-15,6861,302
2026-06-15,7703,196.5
2026-06-15,7722,332
2026-06-15,8016,278
2026-06-15,8435,53.6
2026-06-15,9910,87.8
2026-06-16,1582,88.7
2026-06-16,1788,129
2026-06-16,2069,19.15
2026-06-16,2459,64.4
2026-06-16,2480,148.7
2026-06-16,2606,64.4
2026-06-16,2816,32.3
2026-06-16,2850,140.73
2026-06-16,2908,20.95
2026-06-16,3015,58.4
2026-06-16,3035,200.2
2026-06-16,3042,238.7
2026-06-16,4133,20.68
2026-06-16,4550,24.73
2026-06-16,4974,72.5
2026-06-16,5278,24.83
2026-06-16,6123,43.2
2026-06-16,6242,36.15
2026-06-16,6414,367.71
2026-06-16,6465,66.7
2026-06-16,6722,37.2
2026-06-16,7642,70.6
2026-06-16,7820,118.5
2026-06-16,8091,246.78
2026-06-16,8289,69.25
2026-06-17,1476,328.5
2026-06-17,1504,69.8
2026-06-17,1593,30.25
2026-06-17,1707,99.2
2026-06-17,1773,173.5
2026-06-17,2105,32.15
2026-06-17,2115,20.9
2026-06-17,2308,2218.4
2026-06-17,2353,37.6
2026-06-17,2360,2305.5
2026-06-17,2450,29.45
2026-06-17,2504,33.65
2026-06-17,2603,204.5
2026-06-17,2852,26.19
2026-06-17,2926,34.64
2026-06-17,3028,71.8
2026-06-17,3168,45.65
2026-06-17,3324,1038.1
2026-06-17,3450,498.5
2026-06-17,3543,31
2026-06-17,4714,12.85
2026-06-17,5201,27.75
2026-06-17,5371,67.3
2026-06-17,5443,101.8
2026-06-17,5609,76.8
2026-06-17,5902,34.85
2026-06-17,6147,224.7
2026-06-17,6154,13.69
2026-06-17,6438,147
2026-06-17,6494,67.8
2026-06-17,6548,91.45
2026-06-17,6577,74.3
2026-06-17,6579,161.25
2026-06-17,6606,24.77
2026-06-17,6640,1100
2026-06-17,6792,66
2026-06-17,6923,76.96
2026-06-17,7709,116.5
2026-06-17,7792,251.5
2026-06-17,8011,17.7
2026-06-17,8070,53.8
2026-06-17,8162,68.5
2026-06-17,8163,43.1
2026-06-17,8416,171.5
2026-06-17,8440,22.05
2026-06-18,1423,41.3
2026-06-18,1586,20.57
2026-06-18,2467,579.5
2026-06-18,2597,173.83
2026-06-18,4754,37.05
2026-06-18,6721,55.05
2026-06-18,6881,250
2026-06-18,7765,240.33
2026-06-18,7819,43.46
2026-06-18,8462,137.22
2026-06-18,8463,21.3
2026-06-22,1313,11.5
2026-06-22,1319,94.2
2026-06-22,1584,19.39
2026-06-22,1735,22.5
2026-06-22,1904,22.65
2026-06-22,2106,17.2
2026-06-22,2313,257.64
2026-06-22,2388,81.35
2026-06-22,2498,45.9
2026-06-22,3026,896.2
2026-06-22,3094,38
2026-06-22,3447,39.1
2026-06-22,4739,122.5
2026-06-22,4741,64.3
2026-06-22,4906,43.32
2026-06-22,5601,32.37
2026-06-22,6120,14.8
2026-06-22,6531,1018.01
2026-06-22,6669,4985.6
2026-06-22,6965,77
2026-06-22,7780,18.3
2026-06-22,9907,15.52
2026-06-23,1341,57.9
2026-06-23,1432,16
2026-06-23,1609,37.95
2026-06-23,2312,35.25
2026-06-23,2368,1385.19
2026-06-23,2534,16.8
2026-06-23,2641,18.2
2026-06-23,2855,49.89
2026-06-23,3010,126.2
2026-06-23,3388,88.86
2026-06-23,3597,26
2026-06-23,3684,57.03
2026-06-23,4442,52.6
2026-06-23,4766,354
2026-06-23,6214,135
2026-06-23,6292,66.2
2026-06-23,6449,424.29
2026-06-23,6505,52.8
2026-06-23,6530,97.7
2026-06-23,6667,280.29
2026-06-23,6903,382
2026-06-23,7760,32
2026-06-24,1104,27.1
2026-06-24,1326,52.5
2026-06-24,2103,20.88
2026-06-24,2423,77.5
2026-06-24,3019,152.4
2026-06-24,3169,111.3
2026-06-24,3374,301
2026-06-24,3530,72.8
2026-06-24,3705,54
2026-06-24,4557,47.55
2026-06-24,4571,173.72
2026-06-24,4952,57
2026-06-24,5230,20
2026-06-24,5291,62.24
2026-06-24,6184,43.95
2026-06-24,6196,534.55
2026-06-24,6538,136.47
2026-06-24,6629,110.3
2026-06-24,6670,271
2026-06-24,6982,57
2026-06-24,8249,49.32
2026-06-24,9917,110.3
2026-06-24,9930,66.1
2026-06-24,9934,10.1
2026-06-25,1259,56.4
2026-06-25,1525,63
2026-06-25,2362,44.1
2026-06-25,2432,30.25
2026-06-25,2451,282.21
2026-06-25,2489,45.9
2026-06-25,3046,53
2026-06-25,3338,73.5
2026-06-25,3529,3149.5
2026-06-25,4935,37.75
2026-06-25,5227,35.5
2026-06-25,5285,108.5
2026-06-25,5312,90.1
2026-06-25,5515,38.25
2026-06-25,5521,10.25
2026-06-25,5522,66
2026-06-25,6189,50.7
2026-06-25,6205,79.2
2026-06-25,6208,103
2026-06-25,6585,137.5
2026-06-25,6690,164.5
2026-06-25,6751,46.5
2026-06-25,6771,38.75
2026-06-25,6776,54.8
2026-06-25,6811,214.5
2026-06-25,6846,63.06
2026-06-25,6884,32.5
2026-06-25,6908,37.26
2026-06-25,7728,695
2026-06-25,7767,41.15
2026-06-25,7777,40.37
2026-06-25,8046,953
2026-06-25,8114,197.03
2026-06-25,8210,1311
2026-06-25,8227,187.3
2026-06-25,8279,90
2026-06-25,8342,85.9
2026-06-25,9944,17.55
2026-06-26,1570,39.2
2026-06-26,2455,385.87
2026-06-26,2643,64
2026-06-26,3054,64.8
2026-06-26,3669,34.4
2026-06-26,3708,108.5
2026-06-26,5244,36.7
2026-06-26,5274,17345
2026-06-26,6768,80.84
2026-06-26,6789,534
2026-06-26,8349,39.06
2026-06-29,1234,33.3
2026-06-29,1295,47.02
2026-06-29,1472,84.5
2026-06-29,1717,69.3
2026-06-29,2380,23.86
2026-06-29,2851,34.95
2026-06-29,3016,124
2026-06-29,3213,114.5
2026-06-29,3357,295.42
2026-06-29,3563,663
2026-06-29,3580,90.6
2026-06-29,4164,28.49
2026-06-29,4915,68.93
2026-06-29,4989,77.86
2026-06-29,5009,32
2026-06-29,5016,24.25
2026-06-29,5306,83.86
2026-06-29,5438,18.2
2026-06-29,5706,46.96
2026-06-29,6195,23.65
2026-06-29,6465,61.68
2026-06-29,6498,90.5
2026-06-29,6613,337
2026-06-29,6859,123
2026-06-29,7631,162.4
2026-06-29,8034,21.6
2026-06-29,8045,57.8
2026-06-29,8064,133.02
2026-06-29,8150,96.27
2026-06-29,8272,66.7
2026-06-29,8341,74.1
2026-06-29,8422,27.05
2026-06-30,1301,52.7
2026-06-30,1410,25.3
2026-06-30,1521,25.2
2026-06-30,1598,18.85
2026-06-30,1727,87.85
2026-06-30,1731,20.58
2026-06-30,1817,37.95
2026-06-30,2328,47.85
2026-06-30,2397,55.15
2026-06-30,2436,69.54
2026-06-30,2605,28.9
2026-06-30,2882,98
2026-06-30,2883,28.65
2026-06-30,3264,211.3
2026-06-30,3372,19.67
2026-06-30,3416,161.4
2026-06-30,3714,61.5
2026-06-30,4541,47.25
2026-06-30,4722,305.31
2026-06-30,4953,119.86
2026-06-30,6026,15.14
2026-06-30,6569,101.69
2026-06-30,6592,59.22
2026-06-30,6835,34.14
2026-06-30,7711,315.01
2026-06-30,8039,135.5
2026-06-30,8299,2323.04
2026-06-30,9931,33.3
2026-07-01,1101,23.25
2026-07-01,1470,20.65
2026-07-01,1725,33.68
2026-07-01,2230,24.94
2026-07-01,2302,47.5
2026-07-01,2357,658
2026-07-01,2881,125.25
2026-07-01,2884,33.05
2026-07-01,2903,21.75
2026-07-01,3515,222.99
2026-07-01,3607,16
2026-07-01,4116,36.5
2026-07-01,4119,44.05
2026-07-01,4305,42.85
2026-07-01,4523,27.46
2026-07-01,4755,135.8
2026-07-01,4961,157.28
2026-07-01,5474,164
2026-07-01,6174,49.46
2026-07-01,6285,255.19
2026-07-01,6425,72.21
2026-07-01,6523,96
2026-07-01,6542,45.58
2026-07-01,6655,118.2
2026-07-01,8088,63.2
2026-07-01,8240,51.9
2026-07-01,8271,190.05
2026-07-01,8482,48.04
2026-07-02,1452,10.7
2026-07-02,1612,34.6
2026-07-02,1752,31.6
2026-07-02,1789,20.51
2026-07-02,2010,21.7
2026-07-02,2317,240.82
2026-07-02,2354,53.5
2026-07-02,2433,42.1
2026-07-02,2462,23.15
2026-07-02,2607,45.95
2026-07-02,2753,181
2026-07-02,2820,16.85
2026-07-02,3006,212
2026-07-02,3090,311.2
2026-07-02,3093,73.85
2026-07-02,3189,886.48
2026-07-02,3211,396.53
2026-07-02,3311,37.45
2026-07-02,3570,166.3
2026-07-02,3592,266.9
2026-07-02,3703,20.4
2026-07-02,3715,170.92
2026-07-02,4137,100.5
2026-07-02,4535,26.5
2026-07-02,4931,233.5
2026-07-02,5220,20.65
2026-07-02,5353,30.8
2026-07-02,5490,27.35
2026-07-02,6136,24.04
2026-07-02,6185,13.81
2026-07-02,6197,341.07
2026-07-02,6213,357
2026-07-02,6270,38.35
2026-07-02,6715,441.55
2026-07-02,6844,61.4
2026-07-02,6907,141.01
2026-07-02,8032,41.5
2026-07-02,8081,293
2026-07-02,8415,33.8
2026-07-02,8917,51.9
2026-07-02,8926,72.18
2026-07-02,8941,43.15
2026-07-02,9904,23.7
2026-07-02,9939,121.3
2026-07-03,1294,63.75
2026-07-03,1455,10.04
2026-07-03,1730,50.3
2026-07-03,2013,41.6
2026-07-03,2425,42.05
2026-07-03,2945,40.95
2026-07-03,3265,184.4
2026-07-03,3479,141.88
2026-07-03,3711,720.41
2026-07-03,5209,159.05
2026-07-03,5315,21.4
2026-07-03,5864,41.13
2026-07-03,6803,275.22
2026-07-03,7839,45.26
2026-07-03,8255,191.5
2026-07-03,8921,17.98